\c bestmates_app

INSERT INTO mate (uid, first_name, last_name, email, city, state, zip_code, birthday, gender, sexual_orientation, has_pets, has_open_rooms, has_private_room, has_private_bathroom, has_house, has_high_rise, is_smoker, has_kids, is_sharing_bills, is_neat, is_religious, is_musician, is_partyhost, is_disabled, is_employed, low_noise, move_in_date, max_rent, credit_score, income)
VALUES
    ('j2hfui3FH83hGHuehfg2', 'John', 'Doe', 'john.doe@gmail.com', 'New York City', 'NY', 10001, '1998-06-01', 'Male', 'Straight', true, false, false, false, false, true, false, true, true, true, false, true, true, true,false, true, '2023-06-01', 1500, 750, 50000),
    ('jueF7283TJhuf87hfGit', 'Jane', 'Smith', 'jane.smith@hotmail.com', 'Los Angeles', 'CA', 90001, '1991-09-12', 'Female', 'Bisexual', false, true, true, true, false, false,  true, true, false, true, false, true, true, true,false, true, '2023-06-01', 1800, 800, 60000),
    ('jueF7283TJhuf87hfGia','Mike', 'Johnson', 'mike.johnson@yahoo.com', 'Chicago', 'IL', 60601, '1983-04-08', 'Male', 'Gay', true, false, false, true, false, false, true, false, true, true, false, true, true, true,false, true, '2023-06-15', 1200, 700, 40000),
    ('jueF7283TJhuf87hfGib','Sarah', 'Lee', 'sarah.lee@gmail.com', 'Houston', 'TX', 77001, '1995-02-14', 'Female', 'Straight', true, false, true, false, false, true, true, false, true, true, false, true, true, true,false, true, '2023-06-01', 1300, 650, 45000),
    ('jueF7283TJhuf87hfGic','Tom', 'Wang', 'tom.wang@hotmail.com', 'San Francisco', 'CA', 94102, '1998-08-23', 'Male', 'Bisexual', false, true, false, false, false,true, true, false, true,false,false, true, true, true,false, true, '2023-06-15', 1700, 750, 55000),
    ('jueF7283TJhuf87hfGid','Emily', 'Davis', 'emily.davis@gmail.com', 'Miami', 'FL', 33101, '1990-12-03', 'Female', 'Lesbian', true, false, false, true, true, true, true, true, false, true, false, true, true, true,false, true, '2023-06-01', 1400, 700, 50000),
    ('jueF7283TJhuf87hfGie','David', 'Nguyen', 'david.nguyen@yahoo.com', 'Seattle', 'WA', 98101, '1994-07-11', 'Non-Binary', 'Straight', true, true, true, false, false,true, true,  true, false, true, false, true, true, true,false, true, '2023-06-15', 1600, 800, 65000),
    ('jueF7283TJhuf87hfGif','Karen', 'Brown', 'karen.brown@gmail.com', 'Boston', 'MA', 02101, '1985-01-29', 'Female', 'Bisexual', true, true, true, true, true, true, true,true,  true, false, true, false, true, true,false, true, '2023-06-01', 1900, 850, 75000),
    ('jueF7283TJhuf87hfGig','Chris', 'Garcia', 'chris.garcia@hotmail.com', 'Austin', 'TX', 78701, '1999-05-09', 'Male', 'Straight', false, false, true, false, false, false, true, true, false, true, true, false, true, true,false, true, '2023-06-15', 2000, 725, 80000),
    ('jueF7283TJhuf87hfGih','Lisa', 'Taylor', 'lisa.taylor@gmail.com', 'Denver', 'CO', 80202, '1992-11-18', 'Female', 'Pansexual', false, false, false, true, false, true, true, true, false, true, false, false, true, true,false, true, '2023-06-15', 1700, 770, 47000),
    ('jueF7283TJhuf87hfGii','Mark', 'Chen', 'mark.chen@yahoo.com', 'San Diego', 'CA', 92101, '1988-03-27', 'Male', 'Straight', true, true, true, true, true, true, true, true, true, false, true, false, true, true,false, true, '2023-07-01', 1950, 550, 55000),
    ('jueF7283TJhuf87hfGij','Laura', 'Gonzalez', 'laura.gonzalez@hotmail.com', 'Phoenix', 'AZ', 85001, '1995-10-05', 'Female', 'Straight', false, false, false, false, true, true, true, false, true, true, false, true, true, true,false, true, '2023-06-01', 2500, 750, 150000),
    ('jueF7283TJhuf87hfGik','Kevin', 'Wilson', 'kevin.wilson@gmail.com', 'Portland', 'OR', 97205, '1983-08-14', 'Male', 'Gay', true, true, true, true, true, false, false, true, true, false, true, false, true, true,false, true, '2023-06-01', 1850, 600, 65000),
    ('jueF7283TJhuf87hfGil','Sara', 'Harris', 'sara.harris@hotmail.com', 'Dallas', 'TX', 75201, '1991-12-22', 'Female', 'Bisexual', false, true, false, false, true, true,true, true, false, true, false, true, true, true,false, true, '2023-07-15', 1700, 750, 55000),
    ('jueF7283TJhuf87hfGim','Steven', 'Jackson', 'steven.jackson@yahoo.com', 'Las Vegas', 'NV', 89101, '1997-09-03', 'Male', 'Straight', true,  true, true, false, true, true,true, true, true,  true, false, true, true, true,false, true, '2023-06-01', 2000, 590, 95000),
    ('jueF7283TJhuf87hfGin','Catherine', 'Martin', 'catherine.martin@gmail.com', 'Philadelphia', 'PA', 19103, '1986-05-18', 'Female', 'Lesbian', true, false, true, false, false,true, false, true, false, true, false, true, true, true, false, true, '2023-07-15', 2700, 670, 67000),
    ('jueF7283TJhuf87hfGio','Alex', 'Lee', 'alex.lee@hotmail.com', 'Minneapolis', 'MN', 55401, '2000-01-02', 'Non-binary', 'Queer', true, false, false, false, false, true, false, true,true,  true, false, true, true, true, false, true,'2023-06-15', 1350, 750, 85000);

INSERT INTO answers (mate_uid, gender_preference, pets_preference, sexual_orientation_preference, open_rooms_preference, neat_preference, kids_preference, low_noise_preference, smoker_preference, high_rise_preference, house_preference, private_bathroom_preference, private_room_preference, share_bills_preference, religious_preference, good_credit_preference, high_income_preference, disability_preference, musician_preference, partyhost_preference, employed_preference)
VALUES 
    ('j2hfui3FH83hGHuehfg2', 'Male', true, 'Pansexual', false, true, false, false, false, false, true, true, true, true, true, true, true, true, true, true, true),
    ('jueF7283TJhuf87hfGit', 'Male', false, 'Heterosexual', false, true, false, false, false, false, true, true, true, true, true, true, true, true, true, true, true),
    ('jueF7283TJhuf87hfGia', 'Female', false, 'Heterosexual', true, false, false, false, false, true, true, true, true, true, true, true, false, true, true, true, true),
    ('jueF7283TJhuf87hfGib', 'Male', false, 'Heterosexual', false, true, false, false, false, false, true, true, true, true, true, true, true, true, true, true, true),
    ('jueF7283TJhuf87hfGic', 'Male', false, 'Homosexual', false, true, false, false, false, false, true, true, true, true, true, true, true, true, true, true, true),
    ('jueF7283TJhuf87hfGid', 'Female', true, 'Heterosexual', false, true, false, false, false, false, true, true, true, true, true, true, true, true, true, true, true),
    ('jueF7283TJhuf87hfGie', 'Male', false, 'Homosexual', false, true, false, false, false, false, true, true, true, true, true, true, true, true, true, true, true),
    ('jueF7283TJhuf87hfGif', 'Non-Binary', false, 'Heterosexual', false, true, false, false, false, false, true, true, true, true, true, true, true, true, true, true, true),
    ('jueF7283TJhuf87hfGig', 'Male', true, 'Pansexual', false, true, false, false, false, false, true, true, true, true, true, true, true, true, true, true, true),
    ('jueF7283TJhuf87hfGih', 'Male', true, 'Bisexual', false, true, false, false, false, false, true, true, true, true, true, true, true, true, true, true, true),
    ('jueF7283TJhuf87hfGii', 'female', false, 'Heterosexual', false, true, false, false, false, false, true, true, true, true, true, true, true, true, true, true, true),
    ('jueF7283TJhuf87hfGij', 'Male', false, 'Heterosexual', false, true, false, false, false, false, true, true, true, true, true, true, true, true, true, true, true),
    ('jueF7283TJhuf87hfGik', 'Male', false, 'Heterosexual', false, true, false, false, false, false, true, true, true, true, true, true, true, true, true, true, true),
    ('jueF7283TJhuf87hfGil', 'Non-Binary', false, 'Homosexual', false, true, false, false, false, false, true, true, true, true, true, true, true, true, true, true, true),
    ('jueF7283TJhuf87hfGim', 'Male', true, 'Heterosexual', false, true, false, false, false, false, true, true, true, true, true, true, true, true, true, true, true),
    ('jueF7283TJhuf87hfGin', 'Female', false, 'Homosexual', false, true, false, false, false, false, true, true, true, true, true, true, true, true, true, true, true),
    ('jueF7283TJhuf87hfGio', 'Male', false, 'Heterosexual', false, true, false, false, false, false, true, true, true, true, true, true, true, true, true, true, true);

INSERT INTO liked_user (mate_uid, liked_mate_uid) VALUES 
    ('j2hfui3FH83hGHuehfg2', 'jueF7283TJhuf87hfGit'),
    ('jueF7283TJhuf87hfGio', 'jueF7283TJhuf87hfGin');

INSERT INTO images (mate_uid, profile_image) VALUES 
    ('j2hfui3FH83hGHuehfg2', 'https://res.cloudinary.com/dmhszd8wj/image/upload/v1683735294/Bestmates/joseph-gonzalez-iFgRcqHznqg-unsplash_yreuvt.jpg'),
    ('jueF7283TJhuf87hfGit', 'https://res.cloudinary.com/dmhszd8wj/image/upload/v1683733932/michael-dam-mEZ3PoFGs_k-unsplash_xnw5af.jpg'),
    ('jueF7283TJhuf87hfGia', 'https://res.cloudinary.com/dmhszd8wj/image/upload/v1683735471/Bestmates/ben-den-engelsen-YUu9UAcOKZ4-unsplash_ijpazy.jpg'),
    ('jueF7283TJhuf87hfGib', 'https://res.cloudinary.com/dmhszd8wj/image/upload/v1683735438/Bestmates/christopher-campbell-rDEOVtE7vOs-unsplash_ywjdln.jpg'),
    ('jueF7283TJhuf87hfGic', 'https://res.cloudinary.com/dmhszd8wj/image/upload/v1683735510/Bestmates/jurica-koletic-7YVZYZeITc8-unsplash_fad6f1.jpg'),
    ('jueF7283TJhuf87hfGid', 'https://res.cloudinary.com/dmhszd8wj/image/upload/v1684342198/romina-farias-BsZ71j4i_m4-unsplash_hjl3tf.jpg'),
    ('jueF7283TJhuf87hfGie', 'https://res.cloudinary.com/dmhszd8wj/image/upload/v1683735673/Bestmates/ayo-ogunseinde-sibVwORYqs0-unsplash_pon8j4.jpg'),
    ('jueF7283TJhuf87hfGif', 'https://res.cloudinary.com/dmhszd8wj/image/upload/v1683735695/Bestmates/matheus-ferrero-W7b3eDUb_2I-unsplash_ydpu05.jpg'),
    ('jueF7283TJhuf87hfGig', 'https://res.cloudinary.com/dmhszd8wj/image/upload/v1683735721/Bestmates/podpros-GEnCnYhA1J4-unsplash_xg0mox.jpg'),
    ('jueF7283TJhuf87hfGih', 'https://res.cloudinary.com/dmhszd8wj/image/upload/v1683735768/Bestmates/kimson-doan-HD8KlyWRYYM-unsplash_tkcpxd.jpg'),
    ('jueF7283TJhuf87hfGii', 'https://res.cloudinary.com/dmhszd8wj/image/upload/v1683735782/Bestmates/eric-weber-nQOQVJW7EY8-unsplash_s0fvgk.jpg'),
    ('jueF7283TJhuf87hfGij', 'https://res.cloudinary.com/dmhszd8wj/image/upload/v1683735797/Bestmates/zoe-fernandez--zqoE7jnQgw-unsplash_pmkn0u.jpg'),
    ('jueF7283TJhuf87hfGik', 'https://res.cloudinary.com/dmhszd8wj/image/upload/v1683735807/Bestmates/brooks-leibee-27QcqVqgVg4-unsplash_essapq.jpg'),
    ('jueF7283TJhuf87hfGil', 'https://res.cloudinary.com/dmhszd8wj/image/upload/v1684342191/mustafa-omar-RGtSTDmmcCk-unsplash_p7vjer.jpg'),
    ('jueF7283TJhuf87hfGim', 'https://res.cloudinary.com/dmhszd8wj/image/upload/v1683735872/Bestmates/leio-mclaren-L2dTmhQzx4Q-unsplash_xaz618.jpg'),
    ('jueF7283TJhuf87hfGin', 'https://res.cloudinary.com/dmhszd8wj/image/upload/v1683735884/Bestmates/princess-4glIyBjf2Gk-unsplash_m0evxo.jpg'),
    ('jueF7283TJhuf87hfGio', 'https://res.cloudinary.com/dmhszd8wj/image/upload/v1683735900/Bestmates/ethan-rougon-uZBCgRDKsko-unsplash_ms20ee.jpg');

INSERT INTO bio (mate_uid, small_bio) VALUES 
    ('j2hfui3FH83hGHuehfg2', 'I love to travel and try new foods.'),
    ('jueF7283TJhuf87hfGit', 'I enjoy reading and playing video games.'),
    ('jueF7283TJhuf87hfGia', 'I am a fitness enthusiast and love to hike.'),
    ('jueF7283TJhuf87hfGib', 'I am a musician and enjoy playing guitar.'),
    ('jueF7283TJhuf87hfGic', 'I am a foodie and love to cook.'),
    ('jueF7283TJhuf87hfGid', 'I am a movie buff and enjoy watching all kinds of films.'),
    ('jueF7283TJhuf87hfGie', 'I am an avid runner and participate in marathons.'),
    ('jueF7283TJhuf87hfGif', 'I am a collector and have a large collection of vintage items.'),
    ('jueF7283TJhuf87hfGig', 'I enjoy playing basketball and watching sports.'),
    ('jueF7283TJhuf87hfGih', 'I am a photographer and love to capture special moments.'),
    ('jueF7283TJhuf87hfGii', 'I am a history buff and enjoy learning about the past.'),
    ('jueF7283TJhuf87hfGij', 'I am a writer and enjoy writing short stories.'),
    ('jueF7283TJhuf87hfGik', 'I am a coffee addict and love to try new blends.'),
    ('jueF7283TJhuf87hfGil', 'I am a nature lover and enjoy spending time outdoors.'),
    ('jueF7283TJhuf87hfGim', 'I am a gamer and love to play online with friends.'),
    ('jueF7283TJhuf87hfGin', 'I am a traveler and have been to over 20 countries.'),
    ('jueF7283TJhuf87hfGio', 'I am a fashionista and love to keep up with the latest trends.');